Word,Count
,735
the,345
to,280
of,178
is,176
in,166
and,163
for,148
a,132
if,94
this,80
we,80
/,77
-,70
=,69
fix,67
image,66
data,65
not,61
by,60
or,60
be,56
with,53
that,53
from,51
on,49
**,48
use,47
so,47
it,45
all,43
0,42
as,42
support,39
at,36
are,36
file,36
no,35
but,34
OR,34
#define,34
1,33
an,33
need,32
value,32
only,32
texture,31
can,31
you,30
will,30
version,30
default,30
THE,30
*,29
one,28
line,27
code,27
do,27
number,27
#,27
have,27
The,25
first,25
|,25
+,24
skip,24
per,23
end,23
pixel,23
used,23
discard,22
pass,22
color,22
PNG,22
components,21
IN,21
warning,21
load,21
just,21
pixels,20
when,20
any,20
OF,20
into,20
error,19
row,19
interleaved,19
check,19
without,19
read,19
:,19
get,19
(default,18
some,18
alpha,18
set,18
bits,18
convert,18
header,18
output,18
after,17
don't,17
channel,17
next,17
bytes,17
buffer,17
decode,16
case,16
group,16
doesn't,16
current,16
.obj,16
functions,15
material,15
Read,15
bug,15
byte,15
This,15
more,15
even,14
test,14
each,14
multiple,14
make,14
add,14
avoid,14
API,14
JPEG,14
is_bump,14
files,14
index,14
return,14
space,14
3,14
size,14
..,14
implementation,13
RLE,13
out,13
If,13
which,13
RGB,13
warnings,13
it's,13
block,13
2,13
<=,13
previous,13
then,13
now,13
must,13
--,13
vertex,13
through,13
should,13
always,13
nothing,12
free,12
face,12
zlib,12
BMP,12
Support,12
bump,12
PBR:,12
Skip,12
4,12
was,12
8,12
images,12
input,12
transpose,12
loading,11
8-bit,11
compute,11
path,11
has,11
&,11
up,11
jpeg,11
PSD,11
other,11
using,11
can't,11
returns,10
sure,10
We,10
ANY,10
way,10
remove,10
last,10
since,10
#include,10
marker,10
software,10
C,10
I,10
integer,10
shift,10
scan,10
NULL,10
For,10
.mtl,10
name,10
SSE,10
we'll,10
int,10
following,10
overflow,10
FOR,10
bit,10
OTHER,10
copy,10
indices,10
SSE2,10
SIMD,10
source,10
same,10
failure,9
like,9
SOFTWARE,9
these,9
than,9
handle,9
above,9
whether,9
huffman,9
TGA,9
GIF,9
public,9
{,9
function,9
y,9
because,9
invalid,9
parse,9
HDR,9
interface,9
fixes,9
compiler,9
see,9
smoothing,9
order,9
filename,9
means,9
png,9
//,9
here,8
found,8
store,8
specified,8
\,\,8
copies,8
allow,8
NOT,8
stream,8
width,8
;,8
vertices,8
there,8
notice,8
message,8
Parse,8
empty,8
},8
object,8
negative,8
loader,8
See,8
component,8
palette,8
extra,8
max,8
fast,8
new,8
what,8
16-bit,8
type,8
background,8
\[0,\,8
memory,8
id,7
reserved,7
and/or,7
disable,7
got,7
them,7
before,7
horizontal,7
scanline,7
\components,\,7
0),7
uses,7
process,7
32-bit,7
available,7
copyright,7
between,7
parsed,7
back,7
reading,7
n,7
domain,7
parsing,7
many,7
cases,7
colors,7
clear,7
1],7
values,7
count,7
normal,7
blocks,7
where,7
frame,7
single,7
part,7
NEON,7
colormap,7
shifted,7
write,7
===========================================================================,7
loop,7
off,7
allowed,7
TODO(syoyo):,6
actually,6
two,6
decoding,6
that's,6
@param[in],6
force,6
keep,6
they,6
symbol,6
Nicolas,6
would,6
\copy,\,6
we've,6
format,6
odd,6
Software,6
corrupt,6
(the,6
run,6
final,6
spec,6
does,6
separate,6
u,6
Materials,6
never,6
0..255,6
automatically,6
bug:,6
also,6
[v,6
16,6
including,6
points,6
IDCT,6
16bit,6
filter,6
A,6
true,6
documentation,6
vertical,6
TO,6
mode,6
left,6
8x8,6
we're,6
BE,6
C++,6
restart,6
your,6
added,6
performance,6
every,6
r,6
You,6
conversion,6
could,6
mtl,6
our,6
define,6
comment,6
detection,6
Returns,6
callbacks,6
[w]],6
still,6
STBI_NO_HDR,6
req_comp,6
MATERIALS,6
old,6
AUTHORS,5
b,5
various,5
create,5
suppress,5
ACTION,5
++i),5
pack,5
until,5
ARM,5
already,5
(,5
LIABLE,5
optional,5
\distribute,\,5
rights,5
WARRANTY,5
\use,\,5
progressive,5
\OTHERWISE,\,5
top,5
NONINFRINGEMENT,5
loaded,5
\IMPLIED,\,5
map,5
STBI_NO_STDIO,5
==,5
\modify,\,5
filenames,5
\LIABILITY,\,5
build,5
special,5
zero,5
\CLAIM,\,5
channels,5
WITH,5
!STBI_NO_STDIO,5
\KIND,\,5
PROVIDED,5
HANDMADE_MATH_IMPLEMENTATION,5
AND,5
sign,5
were,5
USE,5
NO,5
float,5
diffuse,5
right,5
column,5
large,5
0s,5
Windows,5
PARTICULAR,5
supported,5
WARRANTIES,5
want,5
\data,\,5
\publish,\,5
SHALL,5
tag,5
limitation,5
Check,5
iPhone,5
works,5
EXPRESS,5
how,5
\"\AS\,5
\header,\,5
\FROM,\,5
DAMAGES,5
*channels_in_file,5
TORT,5
match,5
array,5
BUT,5
_nomatch_^,5
height,5
both,5
\pixel,\,5
structure,5
*************************************************************************************************,5
string,5
interleave,5
ARISING,5
PURPOSE,5
this:,5
handling,5
on),5
AN,5
\IS"\,\,5
extensions,5
\MERCHANTABILITY,\,5
rounding,5
flag,5
DEALINGS,5
comments,5
padding,5
allocate,5
exponent,5
i,5
actual,5
grey,5
(which,5
FITNESS,5
range,5
EVENT,5
down,5
decoder,5
generate,5
flush,5
WHETHER,5
stored,5
gif,5
interval,5
tga,5
switch,5
LIMITED,5
basic,5
instead,5
samples,5
explicitly,5
\CONTRACT,\,5
INCLUDING,5
\so,\,5
CONNECTION,5
Ignore,5
'/',5
transparent,5
desired_channels,5
OUT,5
stbi__convert_format,5
WITHOUT,5
factor,4
results,4
-imfchan,4
(e.g,4
IO,4
cur*4,4
Khronos,4
scanlines,4
fill,4
furnished,4
offset,4
due,4
Imagenet,4
malloc,4
conditions:,4
characters,4
become,4
extension,4
initialize,4
names,4
attempt,4
bugfixes,4
leak,4
base,4
explicit,4
To,4
wide,4
\granted,\,4
`Tr`,4
operations,4
present,4
////////////////////////////////////////////////////////////////////////////,4
=============================================================================,4
simple,4
triangle,4
hereby,4
below,4
formats,4
pointer,4
(from,4
had,4
2.09,4
animated,4
(2016-04-02),4
shall,4
non-interleaved,4
MUST,4
(for,4
requires,4
Barrett,4
Trim,4
Schulz,4
done,4
safe,4
MinGW,4
\MCU,\,4
associated,4
Versions,4
generic,4
whom,4
interlaced,4
constants,4
\charge,\,4
later,4
I/O,4
supports,4
directory,4
subject,4
full,4
\restriction,\,4
(c),4
In,4
stb_image,4
seconds,4
threadsafe,4
Sean,4
broken,4
kernels,4
Copyright,4
included:,4
FIXME(syoyo):,4
sell,4
person,4
Loads,4
\defined,\,4
RGBA,4
few,4
obtaining,4
3*cur,4
s_end,4
x86,4
compilers,4
permit,4
\memory,\,4
intermediate,4
cur),4
Permission,4
most,4
img_n,4
(see,4
\merge,\,4
table,4
stbi__zdefault_length[i],4
might,4
option,4
@todo,4
origin,4
------------------------------------------------------------------------------,4
compiling,4
i/j/k,4
substantial,4
decimal,4
undo,4
step,4
&&,4
valid,4
note,4
Make,4
entry,4
OpenGL,4
1),4
\is,\,4
initial,4
false,4
deprecated,4
correct,4
good,4
filled,4
fallthrough,4
64-bit,4
v1,4
portions,4
included,4
255,4
deal,4
COPYRIGHT,4
try,4
\"\HandmadeMath.h"\\,4
fully,4
-1,4
anyway,4
\frame,\,4
assume,4
char,4
ones,4
i/j,4
e.g,4
2.11,4
persons,4
HOLDERS,4
permission,4
\sublicense,\,4
during,3
iphone,3
identifier,3
insert,3
polygon,3
easy,3
'\r\n',3
point,3
combined,3
fail,3
character,3
location,3
improvements,3
cache,3
\index,\,3
text,3
command,3
0:,3
Tr,3
Jonathan,3
(16-bit,3
something,3
IS,3
desired,3
roughness,3
1/2/4-bit,3
indexed,3
'\n',3
possible,3
replace,3
per-face,3
against,3
let's,3
call,3
NOTE:,3
work,3
\valid,\,3
s,3
HANDMADE_MATH_NO_SSE,3
TinyObjLoader,3
PNG),3
PNM,3
reflection,3
reduce,3
decoded,3
NOTE(kiljacken):,3
enough,3
dedication,3
result,3
z,3
\bits,\,3
gain_value,3
vector,3
filtering,3
frees,3
\pixels,\,3
high,3
\alpha,\,3
x,3
transform,3
avoids,3
Internal,3
??,3
Lienher,3
(SpartanJ),3
colorspace,3
Seddon,3
Tom,3
digit,3
position,3
anything,3
MIT,3
Default,3
start,3
paper,3
specifies,3
my,3
scaling,3
Flatten,3
calculations,3
such,3
ARE,3
arbitrary,3
unsigned,3
Janez,3
stuff,3
info,3
scan_n,3
says,3
divide-by-zero,3
optimize,3
really,3
far,3
\stream,\,3
\images,\,3
raw_len,3
consume,3
allows,3
internal,3
INT_MAX,3
upsampling,3
accelerate,3
introduced,3
isn't,3
acceleration,3
components;,3
+/-,3
care,3
shape,3
Thatcher,3
\include,\,3
\allowed,\,3
terms/factors,3
(and,3
@TODO:,3
entropy,3
Valid,3
provide,3
tRNS,3
returning,3
Ken,3
primitive,3
given,3
reported,3
`err`,3
typo,3
changed,3
Does,3
(or,3
Assume,3
specification,3
speed,3
gcc,3
decoders,3
END,3
wavefront,3
white,3
\PNG,\,3
-128,3
under,3
-type,3
),3
\API,\,3
invert,3
\non-zero,\,3
independent,3
minor,3
compile,3
rewind,3
rgb,3
premultiplied,3
license,3
Create,3
<<,3
provided,3
thread,3
//////////////////////////////////,3
wrong,3
MSVC,3
stb,3
img_len,3
utf8,3
warnings;,3
may,3
assuming,3
>=,3
again,3
-mm,3
\file,\,3
uncompressed,3
based,3
information,3
there's,3
static,3
context,3
\code,\,3
passed,3
base_value,3
'unget',3
includes,3
baseline,3
been,3
precision,3
N,3
reverse,3
colormapped,3
perform,3
representation,3
JPGs,3
scale,3
common,3
\1,\,3
checking,3
EXACTLY,3
code),3
generated,3
DC,3
resolution,3
BEFORE,3
trivial,3
leading,3
STBI_REALLOC_SIZED,3
newline,3
STBI_NO_LINEAR,3
small,3
things,3
unknown,3
PIC,3
removed,3
1:,3
STB_IMAGE_IMPLEMENTATION,3
Jean-Marc,3
Portable,3
move,3
resample,3
caused,3
maps,3
Note,3
bgr,3
specular,3
CRC,3
needed,3
matrix,3
\0,\,3
custom,3
`d`,3
ok,3
UTF8,3
outputs,3
YCbCr,3
success,3
\add"\\,3
macros,3
run-time,3
MCUs,3
raw,3
struct,3
beginning,3
plus,3
require,2
@param[out],2
\&x,\,2
Inc,2
Fabian,2
clang,2
MyExpF,2
(2017-03-03),2
request,2
*',2
(only,2
STBI_JPEG_OLD;,2
I'm,2
\surface,\,2
...),2
state,2
2.20,2
one-by-one,2
MyCosF,2
groups,2
parameter,2
structures,2
(ryg),2
polyphase,2
(2014-12-14),2
2.13,2
Brown,2
future,2
(2020-02-02),2
Dummer,2
dequantizing,2
consists,2
.pgm),2
overflows,2
(2018-02-11),2
PD,2
rather,2
made,2
anisotropy,2
people,2
much,2
refinement,2
\has,\,2
\support,\,2
w/o,2
H,2
\Materials,\,2
\fixes,\,2
\a/b,\,2
RGB),2
\triangle,\,2
(2019-02-07),2
`shape`,2
\"\Software"\),\,2
\mode,\,2
Or,2
MCU,2
idct,2
handles,2
\it,\,2
Marc,2
gl,2
their,2
crashes,2
unused,2
V,2
1-component,2
2006-11-18,2
remaining,2
MyLogF,2
take,2
XML,2
determine,2
about,2
types,2
ends,2
blocking,2
HMM_ACOSF,2
FAST_BITS,2
containing,2
matrices,2
pre-expansion,2
accept,2
HMM_SQRTF,2
emitted:,2
math,2
partial,2
unpack,2
bottom,2
treat,2
@TODO,2
bugfix,2
non-paletted,2
allocates,2
starting,2
2.16,2
configuration,2
needs,2
vers,2
\"\prev"\\,2
\line,\,2
Pocheville,2
TGA;,2
texcoord,2
product,2
HMM_ATANF,2
info(),2
primitrive,2
considered:,2
2x2,2
255;,2
\"\baseline"\\,2
-blendu,2
\optional,\,2
`shapes`,2
'l',2
pixel;,2
targets,2
GL_EXT_timer_query,2
overflow),2
jpegs,2
*y,2
filesize,2
longer,2
'n',2
hence,2
bpp,2
footprint,2
thread-local,2
2.15,2
loaders,2
less,2
pixels;,2
buffers,2
assert.h,2
(i=0;,2
Image,2
shared,2
LICENSE,2
go,2
\"\background"\\,2
catch,2
\"\next"\\,2
directly,2
dummy,2
installable,2
everything,2
\`warn`,\,2
three,2
bpc,2
slow,2
ac,2
relative,2
\"\normal"\\,2
corruption,2
for:,2
MySinF,2
makes,2
API:,2
1.0,2
reach,2
(2018-01-30),2
`-.5234`,2
2.10,2
cube,2
\But,\,2
fairly,2
\paletted,\,2
place,2
x),2
ifdefs,2
2.18,2
ints,2
significant,2
Use,2
Fix,2
(animated,2
Legacy,2
long,2
(2016-01-16),2
blending,2
(next,2
STBI_NEON,2
they're,2
Registry,2
interest,2
only),2
Generated,2
Lloyd,2
modify,2
maxcode,2
tinyobj,2
triangulate,2
largest,2
whitespace,2
1.36,2
matting,2
scripts,2
materials,2
overwrite,2
(2014-12-25),2
frames,2
compressed,2
HMM_ATAN2F,2
1;,2
\data),\,2
Kapoulkine,2
There,2
sadly,2
bit-identical,2
crappy,2
wants,2
i//k,2
4*x,2
Chun),2
-0.047,2
\bytes,\,2
-boost,2
sphere,2
client,2
\("\ease\,2
\0s,\,2
.*,2
*one*,2
Christopher,2
ES,2
-texres,2
Adobe,2
Somethig,2
rename,2
reports,2
Define,2
32,2
indexes,2
enabling,2
re-enable,2
sizes,2
32-bit),2
(stb),2
scalar,2
Fill,2
let,2
straightforward,2
*x,2
3*x,2
\here,\,2
swap,2
GCC,2
non-alpha,2
ParseTextureNameAndOption,2
Softimage,2
shifts,2
unpremultiply,2
Reader,2
Change,2
fixes;,2
\use"\)\,2
Extensions,2
Known,2
How,2
sse2,2
fit,2
released,2
pybind11,2
shortcut,2
*data,2
\"\transparent"\\,2
\"\s"\\,2
Parsed,2
messages,2
2.14,2
probably,2
leave,2
-bm,2
`Load`,2
whichever,2
big,2
IJG,2
obj,2
explanation,2
Pass,2
ALTERNATIVE,2
HMM_TANF,2
look,2
Gibson,2
defining,2
prev,2
@OPTIMIZE:,2
#pragma,2
Ben,2
wins,2
list,2
(prev,2
depends,2
frame;,2
\&y,\,2
(offset,2
perf,2
PNGs,2
time,2
very,2
optimization,2
render,2
HMM_SINF,2
stbi__cleanup_jpeg,2
Arseny,2
libraries,2
well,2
t1),2
stdio,2
determined,2
\round,\,2
search,2
\Registry,\,2
__SSE__,2
CMYK,2
->,2
least,2
countdown,2
gif),2
\"\Materials"\),\,2
Dave,2
HMM_EXPF,2
faster,2
E,2
Add,2
produce,2
0);,2
Offset,2
problem,2
magnitude,2
std::istream,2
term,2
(paletted),2
important,2
'm'),2
\4,\,2
APP14,2
2.19,2
components),2
VC++,2
Call,2
useful,2
looks,2
-msse2,2
-o,2
Map,2
lines),2
wgl,2
-s,2
=>,2
stop,2
stbi_is_hdr,2
iterations,2
https://github.com/KhronosGroup/OpenGL-Registry,2
\passes,\,2
ID,2
map_Kd,2
another,2
platform,2
across,2
Chevalier,2
form,2
-blendv,2
(stbi_info),2
\transparency,\,2
'g',2
literally,2
5,2
taken,2
Daniel,2
Else,2
\128,\,2
working,2
sense,2
Data,2
Fixes,2
paths,2
\16-bit,\,2
(2017-07-23),2
Miller,2
trans_data,2
C++11,2
mantissa,2
\not,\,2
platforms,2
\"\pixels"\\,2
temporary,2
(y,2
Zemva,2
=============================================,2
\time,\,2
expansion,2
worth,2
x86/x64,2
expand,2
2.17,2
(2016-01-22),2
otherwise,2
sheen,2
(.ppm,2
removed:,2
DEFLATE,2
\Finally,\,2
(2010-08-01),2
\"\ryg"\\,2
\i,\,2
\scan,\,2
didn't,2
produces,2
-clamp,2
specify,2
fields,2
MySqrtF,2
variants;,2
component;,2
Radiance,2
issues,2
undefined,2
internally,2
sentry,2
colour,2
fixed,2
clearcoat,2
calling,2
metallic,2
2013-2017,2
trailing,2
\_mm_hadd_ps(r,\,2
user,2
compiled,2
runtime,2
Ronny,2
columns,2
\only,\,2
MyATanF,2
\byte,\,2
1.42,2
\specification,\,2
versions,2
errors,2
backward,2
why,2
\performance,\,2
\yes,\,2
len,2
transposes),2
profile,2
James,2
(2015-04-19),2
92,2
gets,2
HMM_LOGF,2
(currently,2
\-msse2,\,2
low,2
called,2
warning/errors,2
Windows;,2
const,2
graphics,2
8;,2
color-based,2
ZLIB,2
\filter,\,2
non-gcc,2
maintain,2
spec),2
(2017-03-18),2
config,2
sample,2
adding,2
preshifted,2
own,2
decal,2
Added,2
x/y,2
\`.7e+2`,\,2
revision,2
stbi__context,2
(2015-09-13),2
Cornut,2
MyACosF,2
tables,2
\chunk,\,2
super-optimized,2
etc),2
\&n,\,2
codes,2
Group,2
\Software,\,2
On,2
who,2
Common,2
considered,2
pointing,2
bumpmap.tga,2
open,2
fast-AC,2
\i/j/k,\,2
window,2
convenient:,2
namespace,2
Additional,2
<,2
won't,2
scaled,2
safety,2
\targets,\,2
1-bit,2
addition,2
model,2
reason,2
l,2
(not,2
\marker,\,2
mcu's,2
Kd,2
STBI_NO_PNG,2
affected,2
Invalid,2
\OK,\,2
strings,2
ambient,2
HandmadeMath.h,2
larger,2
MyTanF,2
\ldexp,\,2
texopt,2
BGR,2
sub,2
mcu..,2
too,2
\compatibility,\,2
repeated,2
17,2
generator,2
'shapes',2
\red,\,2
Load,2
massive,2
\i//k,\,2
round,2
initialization,2
0-1,2
Lauha,2
License,2
\order,\,2
2.12,2
(possibly,2
\"\using\,2
give,2
initialized,2
2.07,2
\inclusive,\,2
\BMP,\,2
Extension,2
Find,2
HMM_COSF,2
-1;,2
Giesen,2
AC,2
127,2
\buffer,\,2
And,2
designed,2
v2,2
-t,2
tex,2
segment,2
game,2
coefficient,2
\green,\,2
*only*,2
15,2
butterfly,2
regardless,2
Don't,2
entries,2
usually,2
(Won,2
length,2
(as,2
symbols,2
floating,2
Jetro,2
rendered,2
unzigzag'd,2
lots,2
absolutely,2
texels,2
derived,2
slower,2
API),2
(2018-01-29),2
inside,2
12,1
GL_EXT_index_func,1
65535,1
1.28,1
GL_ARB_gl_spirv,1
GL_EXT_texture_lod_bias,1
temps,1
algorithm:,1
room,1
fastest,1
GL_AMD_texture_gather_bias_lod,1
(i.stbi__err,1
https://en.wikipedia.org/wiki/Wavefront_.obj_file,1
i.e,1
Figure,1
\malloc,realloc,free\,1
2.24,1
Primarily,1
JPEG;,1
Matthew,1
best,1
Next,1
\MSVC,\,1
Junggon,1
MCU),1
\VTRN.32,\,1
GL_ATI_draw_buffers,1
GL_ARB_provoking_vertex,1
reset,1
1.47,1
GL_ARB_shader_precision,1
GL_NV_shader_atomic_int64,1
\"\a\,1
1.13,1
wasn't,1
unencumbered,1
(2,1
platform-native,1
WGL_EXT_create_context_es_profile,1
GL_VERSION_4_5,1
\slow,\,1
Laurent,1
comes,1
Do,1
pixel:,1
support:,1
1.14,1
everything;,1
\PNG),\,1
2|3,1
\second,\,1
0..31,1
PARSING,1
0.53,1
Domain,1
WGL_AMD_gpu_association,1
GL_EXT_draw_instanced,1
\double"\\,1
1.02,1
`v`,1
reallocs,1
buffering,1
GL_NV_multisample_coverage,1
(Softimage,1
GL_SUN_triangle_list,1
Full,1
GL_NV_primitive_restart,1
(2014-06-03),1
quality,1
GL_ARB_half_float_pixel,1
Ruf,1
local,1
__cplusplus,1
GL_NV_geometry_program4,1
truncating,1
GL_SGIX_fog_offset,1
a0c0e0g0..,1
GL_APPLE_element_array,1
(reported,1
Android),1
!STBI_NO_LINEAR,1
stbi__gif_header,1
happens,1
retrieve,1
different,1
1<<17,1
GL_ARB_query_buffer_object,1
bmp),1
osx,1
BMP),1
GL_AMD_pinned_memory,1
0.95,1
guarded,1
numbers,1
GL_AMD_occlusion_query_event,1
column/row,1
a0b0c0d0a4b4c4d4,1
10,1
GL_ARB_texture_storage_multisample,1
GL_EXT_memory_object_fd,1
realloc,1
Baldur,1
Woo,1
rotate,1
\recognized,\,1
GL_ARB_texture_gather,1
naive,1
GL_INTEL_conservative_rasterization,1
GL_SGIS_texture_color_mask,1
Omar,1
run-length,1
within,1
GL_NV_depth_clamp,1
seek,1
0b00010001,1
fast_ac,1
here;,1
Grayscale,1
did,1
GL_SGIX_texture_multi_buffer,1
angle,1
GL_NV_bindless_multi_draw_indirect_count,1
(16-k),1
2.05,1
\(c0,\,1
as-is,1
promoted,1
Split,1
LeBlanc,1
shares,1
GL_ARB_shading_language_420pack,1
h2,1
\"\SpartanJ"\\,1
STBI_NO_HDR),1
\anyway,\,1
\grey,\,1
GL_EXT_index_texture,1
GL_SGIX_subsample,1
64-entry,1
[sign],1
GL_AMD_stencil_operation_extended,1
GL_EXT_color_subtable,1
Loop,1
WGL_NV_video_output,1
GL_ARB_gpu_shader5,1
dispose,1
purposes,1
Insomniac,1
dest,1
GL_SGIX_reference_plane,1
We'll,1
exponent/and,1
suite),1
STBI_NO_BMP,1
a0e0a1e1..,1
\ExpF,\,1
compilation,1
filling,1
\_mm_mul_ps(v1,\,1
\pervasively,\,1
said,1
GL_ARB_texture_buffer_object_rgb32,1
non-zigzagged,1
unixish,1
map_Ke,1
trick,1
mutable,1
'v'(w),1
failed),1
GL_ARB_vertex_array_bgra,1
\zero-base,\,1
non-written,1
/////////////////////////////////////////////////////,1
PGM:,1
Sometimes,1
example:,1
GL_SGIS_texture_lod,1
pen,1
GL_SGIS_texture_edge_clamp,1
mean,1
GL_AMD_multi_draw_indirect,1
p,1
include,1
colors(6,1
\b:blue,\,1
\VTRN.16,\,1
pal_n,1
\table,\,1
\specified),\,1
GL_SUNX_constant_data,1
row1,1
calls,1
GL_IBM_cull_vertex,1
single-file,1
dot,1
Culquicondor,1
GL_SGIX_texture_coordinate_clamp,1
GL_ARB_draw_buffers,1
GL_ARB_vertex_array_object,1
GL_ARB_sparse_texture2,1
incorrect,1
GL_AMD_shader_trinary_minmax,1
GL_SGIX_ir_instrument1,1
0.60,1
GL_ARB_viewport_array,1
GL_AMD_shader_atomic_counter_ops,1
GL_HP_image_transform,1
incorrectly,1
it:,1
1/100th,1
stbi__errpf,1
upsampled,1
(useless?),1
GL_S3_s3tc,1
GL_ARB_framebuffer_sRGB,1
thus,1
delay,1
\#3,\,1
Matrix,1
\Green,\,1
(incl,1
GL_NV_texture_barrier,1
\on,\,1
allocator,1
gcc;,1
generating,1
locals,1
utf8-encoded,1
GL_EXT_422_pixels,1
GL_ARB_shader_subroutine,1
however,1
GL_EXT_transform_feedback,1
\zeroes,\,1
(David,1
priority,1
GL_EXT_multi_draw_arrays,1
GL_ARB_clear_buffer_object,1
Allen,1
r),1
MSVC-only,1
accidental,1
de-interlacing,1
-Wall,1
emissive,1
sbti__shiftsigned,1
GL_VERSION_4_4,1
128,1
options(#126),1
casts,1
GL_AMD_debug_output,1
\"\"\\,1
WGL_ARB_buffer_region,1
members,1
GL_IBM_vertex_array_lists,1
\stb_zlib,\,1
GL_NV_parameter_buffer_object2,1
1.04,1
mult_value,1
GL_EXT_blend_equation_separate,1
sanity-check,1
\"\shiftop"\\,1
repacking,1
1.0),1
Engin,1
stbi_load_from_file,1
y-dimension,1
(nguillemot),1
\"\4"\\,1
GL_NV_conservative_raster_dilate,1
wrapping,1
\supported,\,1
dimensions,1
verts,1
We're,1
law,1
writes,1
performs,1
irrevocable,1
c0[odd]*y,1
stbi_convert_wchar_to_utf8,1
\column-major,\,1
wanna,1
GL_SGIS_point_parameters,1
Tells,1
GL_SUN_mesh_array,1
lot,1
\success,\,1
(@Peliex_Dev),1
converted,1
\(Red,\,1
1.0.5,1
v,1
WGL_I3D_genlock,1
non-interlaced,1
GL_ARB_framebuffer_no_attachments,1
*appear*,1
Manap,1
Verigakis,1
n==3,1
GL_EXT_texture_mirror_clamp,1
\Barbiero,\,1
'6',1
priorities:,1
(colorkey-style,1
receives,1
spread,1
parameters:,1
saving,1
GL_EXT_shader_integer_mix,1
`name`,1
OVER,1
end-user,1
muls,1
GL_ARB_matrix_palette,1
STBI_NO_PIC,1
v2/vt2,1
non-NEON,1
example,1
GL_ARB_parallel_shader_compile,1
(SSE2),1
`usemtl`,1
GL_ARB_texture_compression,1
(jpegs,1
GL_NV_conservative_raster_underestimation,1
compared,1
ability,1
textures,1
\32-bit,\,1
confused,1
Separate,1
detection;,1
including),1
\to,\,1
greedy,1
history,1
GL_NVX_gpu_memory_info,1
143;,1
(disable,1
WGL_EXT_colorspace,1
interleaving,1
1.0.4,1
Binary,1
128),1
WGL_3DL_stereo_control,1
consisting,1
parser,1
Clang,1
GL_ARB_vertex_program,1
RGB-formatted,1
compiler-friendly,1
conditions,1
github:sammyhw,1
UNICODE:,1
GL_NV_fence,1
N=#comp,1
GL_ARB_explicit_uniform_location,1
bias,1
`callback.mtllib_cb`,1
GL_EXT_sparse_texture2,1
RGB(A),1
GL_EXT_texture_array,1
oriented,1
together,1
TINYOBJLOADER_USE_DOUBLE,1
Tr(assume,1
\intrinsics,\,1
\'test',\,1
GL_NV_viewport_swizzle,1
GL_ARB_geometry_shader4,1
GL_ARB_tessellation_shader,1
https://stackoverflow.com/questions/5167625/splitting-a-c-stdstring-using-tokens-e-g,1
you've,1
prefer,1
GL_ARB_multi_draw_indirect,1
GL_NV_gpu_program5_mem_extended,1
GL_VERSION_4_3,1
moved,1
GL_ATI_pn_triangles,1
Weiler,1
replicated,1
GL_INGR_color_clamp,1
@OPTIMIZE,1
\this,\,1
cast-to-stbi_uc,1
invariant,1
referencing,1
material::unknown_parameter,1
Kiljacken,1
Smith,1
GL_SGIX_ycrcb_subsample,1
__cpuid,1
WGL_ARB_context_flush_control,1
comments/error,1
tool,1
github:poppolopoppo,1
\r:red,\,1
left-shift,1
GL_EXT_texture_env_dot3,1
GL_KHR_texture_compression_astc_hdr,1
GL_NV_evaluators,1
SPACE,1
GL_NV_gpu_program5,1
processing,1
GL_NV_internalformat_sample_query,1
highest,1
GL_NV_vertex_program4,1
16-bit-per-channel,1
demand,1
(@miblo_),1
GL_NV_compute_program5,1
\scaling,\,1
computing,1
socks-the-fox,1
intend,1
(U+017D)emva),1
step=3,1
user-friendly,1
GL_3DFX_multisample,1
Parses,1
Hardened,1
user-specified,1
sca,1
\"\a*b*c*d\,1
Richard,1
MTL(#43),1
(2014-07-15),1
\end,\,1
\"\8"\\,1
GL_SGIX_ycrcba,1
struct-initialization,1
management,1
sentinel,1
'mtllib'(#112),1
GL_ARB_instanced_arrays,1
\B,\,1
GL_ARB_compatibility,1
\r),\,1
norm,1
find,1
reached,1
\backwards,\,1
Ulrich's,1
wouldn't,1
Insofaras,1
WGL_ARB_create_context_profile,1
particleman@mollyrocket,1
de-iphone,1
experimental,1
\s,\,1
cater,1
GL_AMD_performance_monitor,1
.pgm;,1
\bugfix,\,1
Targa,1
WGL_NV_present_video,1
GL_ARB_compute_shader,1
GL_VERSION_4_1,1
JPGs),1
GL_AMD_gpu_shader_int64,1
non-disposal,1
1.x,1
GL_EXT_light_texture,1
successors,1
*s),1
3->4;,1
GL_EXT_histogram,1
interface;,1
\"\e"\)\,1
'linear',1
9060,1
currently,1
Improve,1
1.1.1,1
depth,1
\happen,\,1
(2010-07-10),1
convert-to-rgb,1
GL_SGIS_texture_select,1
unset,1
weird,1
\output,\,1
(www.unlicense.org),1
m,1
times,1
packets,1
static),1
2.01,1
GL_APPLE_texture_range,1
GL_WIN_phong_shading,1
void,1
end),1
Bullard,1
rid,1
'triangulate',1
GL_NV_half_float,1
.HDR,1
All,1
WGL_ARB_robustness_share_group_isolation,1
16-bit),1
GL_ARB_sync,1
(vertical,1
demands,1
pixels',1
'1',1
error!,1
(1/2/4-bit,1
STBI_THREAD_LOCAL,1
handled,1
sharpness,1
directly;,1
GL_AMD_query_buffer_object,1
32-bits,1
multiplier,1
1.48,1
\sell,\,1
GL_ARB_multisample,1
uint64_t,1
GL_APPLE_vertex_program_evaluators,1
stbi_set_flip_vertically_on_load,1
going,1
\ten,\,1
psd),1
modes.),1
GL_HP_convolution_border_modes,1
GL_NV_framebuffer_multisample_coverage,1
arithmetic,1
\cares,\,1
http://ozviz.wasp.uwa.edu.au/~pbourke/dataformats/softimagepic/,1
stomps,1
WGL_I3D_image_buffer,1
Index,1
material_t[],1
\Nevertheless,\,1
GIFs,1
\prefixes,\,1
GL_EXT_texture3D,1
float-per-channel,1
GL_SGIX_instruments,1
GL_EXT_multisample,1
DHT,1
Phil,1
\"\eof"\\,1
(2011-06-11),1
GL_ARB_texture_rectangle,1
len/nlen,1
#ifndef,1
\assert,\,1
5bits,1
GL_ARB_texture_cube_map_array,1
builds,1
failure:,1
\stbi_load(filename,\,1
GL_ARB_indirect_parameters,1
support),1
1.05,1
(2014-06-15),1
Gomila,1
case:,1
GL_ARB_ES3_1_compatibility,1
GL_NV_packed_depth_stencil,1
relying,1
\"\skip"\\,1
(iPhone,1
\Schulz,\,1
cube_right,1
\will,\,1
(stbi_loader),1
\loop,\,1
2.02,1
GL_OVR_multiview2,1
GL_SUN_global_alpha,1
`g`,1
grayscale,1
GL_EXT_window_rectangles,1
\png-1,2,4\,1
GL_EXT_shader_framebuffer_fetch,1
row-major,1
ImageNet,1
GL_NV_gpu_program4,1
pad,1
__arch64__,1
extension('-colorspace'),1
GL_NV_clip_space_w_scaling,1
WGL_ARB_create_context_robustness,1
GL_ARB_vertex_shader,1
preshift,1
using:,1
maximum,1
original,1
Josh,1
GL_ARB_texture_mirrored_repeat,1
axes,1
GL_ARB_fragment_program_shadow,1
GL_MESA_resize_buffers,1
Zakary,1
DCT_ISLOW,1
GL_EXT_shader_image_load_formatted,1
However,1
receive_extend,1
Johan,1
bits;,1
lines,1
integrated,1
@fixme,1
Jansson,1
GL_NV_sample_locations,1
APP0,1
\untouched,\,1
Endloop,1
us,1
jpegtran,1
minimal,1
GL_ATI_vertex_array_object,1
GL_EXT_shadow_funcs,1
GL_AMD_vertex_shader_layer,1
dealing,1
features,1
\non-commercial,\,1
GL_ARB_texture_buffer_object,1
WGL_ARB_render_texture,1
duplicate,1
constants;,1
GL_MESA_window_pos,1
GL_EXT_texture_sRGB,1
GL_EXT_x11_sync_object,1
filters,1
HANDMADE_MATH_H,1
plenty,1
s16,1
GL_SGIX_depth_pass_instrument,1
1.0.3,1
(2014-08-26),1
DRI,1
mainstream,1
\byte"\)\,1
GL_ARB_buffer_storage,1
'vt'(uv),1
THIS,1
Tobin,1
stbi__convert_format16,1
refactor,1
GL_OES_single_precision,1
(reads,1
dependencies,1
bogus,1
1.17,1
stbi__get_marker(),1
0.93,1
\confused,\,1
GL_NV_depth_buffer_float,1
limited,1
`Parse`,1
\req_comp=3,4\,1
obj_text,1
it--but,1
skipped,1
GL_ARB_vertex_type_2_10_10_10_rev,1
lengths,1
\height,\,1
GL_EXT_geometry_shader4,1
APP,1
Mozeiko,1
GL_NV_sample_mask_override_coverage,1
\interpolated,\,1
bmp,1
(this,1
GL_KHR_robust_buffer_access_behavior,1
tga_bits_per_pixel,1
GL_GREMEDY_string_marker,1
far;,1
GL_EXT_secondary_color,1
away,1
temp,1
);,1
GL_AMD_shader_stencil_export,1
(local,1
GL_SGIX_scalebias_hint,1
anisor,1
(skips,1
GL_APPLE_client_storage,1
It's,1
1.08,1
multiplication,1
v1/vt1,1
GL_SGIS_multisample,1
GL_NV_draw_texture,1
GL_APPLE_vertex_array_range,1
Mascarenhas,1
GL_NV_vertex_buffer_unified_memory,1
m12,1
\2,\,1
11e2,1
GL_SGIX_flush_raster,1
GL_INGR_blend_func_separate,1
post-convert,1
GL_ARB_texture_multisample,1
pal_img_n,1
flip_vertically,1
GL_ARB_texture_rg,1
per-line,1
api,1
GL_VERSION_4_0,1
\x,\,1
\1<<17,\,1
`exportGroupsToShape()`,1
contain,1
(Ben,1
'unsigned,1
GL_EXT_texture_swizzle,1
\story,\,1
(@J_vanRijn),1
delimiter,1
\"\-mstackrealign"\\,1
explicitly):,1
GL_ARB_shader_stencil_export,1
0xff,1
Scale,1
Fujita,1
WGL_EXT_pixel_format,1
-127,1
\sadly,\,1
consider,1
GL_ARB_shading_language_include,1
dc,1
(no,1
std::map,1
end;,1
GL_EXT_semaphore,1
SSE3,1
stbi_set_unpremultiply_on_load(1),1
2.23,1
2017,1
\brief,\,1
GL_NV_vertex_program2,1
24-bit,1
refix,1
s=0,1
coordinate,1
WGL_NV_copy_image,1
GL_ARB_shader_image_load_store,1
making,1
8bit,1
\"\#ifdef\,1
Sergio,1
requested,1
Dump,1
Christian,1
'/'(for,1
GL_ARB_texture_buffer_range,1
(note,1
mip-map,1
GL_NV_framebuffer_mixed_samples,1
feel,1
\purpose,\,1
alpha-bit,1
'size',1
toggled,1
updating,1
decreasing,1
John,1
option(#124),1
1.0.0,1
GL_NV_robustness_video_memory_purge,1
GL_ARB_seamless_cubemap_per_texture,1
\LDR,\,1
Anyone,1
GL_ARB_shading_language_100,1
http://exocortex.com/blog/extending_wavefront_mtl_to_support_pbr,1
path_t,1
(don't,1
WGL_I3D_swap_frame_usage,1
\whatever,\,1
\"\1"\\,1
(@fierydrake),1
STBI_WINDOWS_UTF8,1
groups(#162),1
\vertically,\,1
GL_ARB_shader_image_size,1
GL_EXT_separate_shader_objects,1
GL_SGIS_sharpen_texture,1
poorly,1
splitting,1
usage,1
terminated,1
data's,1
shininess,1
encoded,1
GL_VERSION_1_2,1
bizarre,1
author,1
GL_NV_texture_shader,1
16-byte,1
PIC),1
_mm_dp_ps,1
\SCAN_header,\,1
c0g0c1g1..,1
'mtl_basedir',1
1.21,1
\cleanup,\,1
empty),1
history:,1
uniform,1
stbi_hdr_to_ldr_scale(1.0f);,1
\GCC/Clang,\,1
SSE2),1
warnings:,1
primitive(PR,1
texel,1
groupd,1
\temps,\,1
*comp,1
opts,1
linebuf,1
\default(`NULL'),\,1
GL_KHR_context_flush_control,1
\0xff,\,1
translate,1
`y`,1
Du,1
Visness,1
GL_EXT_framebuffer_multisample_blit_scaled,1
1.2.1,1
STBI_NO_GIF,1
GL_NV_fragment_program_option,1
1.2.0,1
\STBI_NO_STDIO,\,1
'desired_channels',1
\A,\,1
.cc,1
ACs,1
GL_EXT_bgra,1
1.0.1,1
(that,1
(bad,1
(all,1
AoS,1
GL_KHR_blend_equation_advanced,1
GL_EXT_blend_subtract,1
`vt`,1
Philosophy,1
nonzero,1
arbitrarily-aligned,1
GL_NV_float_buffer,1
\2^E,\,1
\"\6"\\,1
\library,\,1
GL_EXT_vertex_array,1
http://nothings.org/stb,1
STBI_ONLY_PNM,1
{digit},1
GL_NV_conditional_render,1
Graphic,1
(2019-08-11),1
stbi__bmp_load(),1
SpartanJ,1
\png-1,2,4;\,1
routines,1
Day,1
GL_NV_viewport_array2,1
STBI_ONLY_PNG,1
-0.0E-3,1
failing,1
stbi__errpuc,1
7;,1
GL_SGIX_ycrcb,1
GL_OES_byte_coordinates,1
reader,1
GL_AMD_vertex_shader_viewport_index,1
*filename);,1
WGL_EXT_depth_float,1
GL_SGIX_tag_sample_buffer,1
\filenames,\,1
GL_ARB_depth_texture,1
elems=y,1
\set,\,1
'sRGB`,1
GL_APPLE_rgb_422,1
graphic,1
GL_ARB_sparse_texture_clamp,1
thread-safe,1
binary,1
a0b0c0d0e0f0g0h0,1
trivially,1
WGL_NV_vertex_array_range,1
header-file-only,1
jidctint,1
1.2.3,1
application(exporter),1
Roy,1
GL_NV_transform_feedback,1
false),1
big-endian,1
Provide,1
\appropriate"\\,1
stbi_failure_reason(),1
GL_EXT_blend_color,1
VERY,1
George,1
Pure,1
WGL_NV_multisample_coverage,1
architecture,1
\clang,\,1
GL_ARB_compressed_texture_pixel_storage,1
stbi__zdefault_distance[i],1
!=,1
GL_ARB_texture_env_combine,1
\subset,\,1
robust,1
written,1
here's,1
opaque;,1
Reset,1
format:,1
GL_SGIX_texture_scale_bias,1
4-channel),1
\STBI_REALLOC,\,1
Jeroen,1
0.99,1
amd64,1
Ryamond,1
GL_SGIS_point_line_texgen,1
http://stackoverflow.com/questions/6089231/getting-std-ifstream-to-handle-lf-cr-and-crlf,1
GL_ARB_texture_mirror_clamp_to_edge,1
lexer,1
Our,1
GL_ARB_base_instance,1
Public,1
GL_VERSION_4_6,1
(1,1
_ONLY_,1
GL_NV_geometry_shader4,1
'5',1
1.0.2,1
specific,1
GL_NV_fill_rectangle,1
\left,\,1
GL_SUN_vertex,1
GL_PGI_misc_hints,1
devices,1
specifically,1
GL_EXT_index_material,1
obey,1
bit-per-component),1
enable,1
(2016-12-04),1
GL_APPLE_transform_hint,1
\"\-"\\,1
M.Elements[1][2],1
\ATan2F,\,1
pixelCount,1
either,1
color(#144),1
change,1
GL_IBM_rasterpos_clip,1
warranty,1
direct,1
GL_NV_shader_atomic_counters,1
WGL_3DFX_multisample,1
interpolation,1
Tries,1
ignored,1
over,1
advance-by-r,1
0.90,1
REVISION,1
8/16,1
packaged,1
supply,1
per-pixel,1
sum,1
(can,1
\example,\,1
1.11,1
WGL_I3D_digital_video_control,1
(It's,1
non-RLE,1
8-bit-to-16-bit,1
stbi__g_failure_reason,1
disabled,1
':',1
GL_ARB_vertex_attrib_binding,1
Reuille,1
options(#85),1
triples,1
\result,\,1
16->8,1
\long"\)\,1
target,1
WGL_EXT_swap_control,1
iOS,1
boost,1
(composited,1
non-conforming,1
coord,1
section,1
exact,1
Vector,1
IDATs,1
Code,1
next),1
fgetc(),1
\SinF,\,1
GL_EXT_draw_range_elements,1
GL_ARB_texture_float,1
Path,1
10%,1
GL_ARB_derivative_control,1
ESP,1
3+,1
tell,1
choose,1
\performance"\\,1
GL_SGIX_clipmap,1
luminance,1
creep,1
short,1
icc,1
GL_INTEL_map_texture,1
\approach,\,1
GL_ARB_transform_feedback2,1
annoying,1
highlight,1
system),1
0b11111111,1
max_y,1
GL_EXT_paletted_texture,1
STB,1
1.44,1
per-component,1
restore,1
simplify,1
right-side,1
id),1
loops,1
query,1
correctly,1
Rijn,1
Written,1
faces(indices),1
GL_SGIX_shadow,1
-O2,1
\that,\,1
Set,1
-128..127,1
.v,1
(MIT),1
preserve,1
(fallback,1
WGL_EXT_extensions_string,1
\'attrib',\,1
upsample,1
GL_SGIX_fragment_lighting,1
(handle,1
overwrites,1
\alignment,\,1
16-bpc,1
\maintain"\)\,1
optimizations;,1
simply,1
color-convert,1
top-left-most,1
GL_EXT_clip_volume_hint,1
block--see,1
flag:,1
unpacked,1
GL_EXT_shared_texture_palette,1
GL_APPLE_float_pixels,1
GL_APPLE_specular_vector,1
rectangle,1
drawn,1
DEFINITIONS,1
search&replace,1
\63,\,1
255->0xffff,1
framework,1
http://softimage.wiki.softimage.com/index.php/INFO:_PIC_file_format,1
intent,1
Repeated,1
So,1
16bit),1
(subset,1
even/odd,1
\primitives(face,\,1
1.16,1
GL_EXT_misc_attribute,1
win,1
1.15,1
Golini,1
\files,\,1
1.39,1
.obj/.mtl,1
6|7:,1
GL_NV_present_video,1
GL_NV_shader_buffer_load,1
GL_ATI_pixel_format_float,1
Control,1
Lab,1
GL_EXT_texture_integer,1
\["\."\\,1
reasonable,1
eof,1
distribute,1
GL_ARB_draw_elements_base_vertex,1
decodes,1
code.),1
\monochrome,\,1
\caught,\,1
Floisand,1
yet,1
Julian,1
https://github.com/nothings/stb/issues/81,1
record,1
Woo),1
mspaint,1
Hamada,1
\"\8BPS"\\,1
`fields',1
`linear`,1
\0,1,2\,1
situations,1
total,1
1.26,1
\Ulrich,\,1
GL_OML_interlace,1
Init,1
GL_ARB_shader_draw_parameters,1
malloc/realloc),1
gamma,1
do-it-yourself,1
Extension:,1
`materials`,1
\4,8,16,24,32-bit\,1
PSD),1
GCC-style,1
WGL_ARB_pixel_format_float,1
1.22,1
RLE-encoded,1
grammar:,1
d(Issue,1
Syoyo,1
GL_ATI_element_array,1
Indexed,1
GL_AMD_shader_image_load_store_lod,1
opaque,1
GL_ARB_robustness,1
\"\a*b\,1
zigzag,1
__STDC__,1
(pic),1
(define,1
(12,1
GL_ATI_vertex_attrib_array_object,1
\brightness,\,1
tiny,1
1.3.1,1
`Parse`),1
recognize,1
Wavefront,1
Thomson,1
GL_SGIX_async_histogram,1
TGA),1
JPGs;,1
eithe,1
GL_IBM_texture_mirrored_repeat,1
\arbitrarily,\,1
ior(index,1
amt,1
Copy,1
non-clear,1
class(v2,1
GL_ARB_get_texture_sub_image,1
stbi_hdr_to_ldr_gamma(2.2f);,1
Nathan,1
fails,1
arise,1
When,1
synthetic,1
Gonzalez,1
1/1000ths,1
(you,1
descriptor,1
(tga),1
Luke,1
cleanup;,1
extension:,1
GL_SGIX_polynomial_ffd,1
GL_ARB_draw_buffers_blend,1
Truevision,1
GL_SGIX_framezoom,1
wchar_t,1
Fdez-Aguera,1
\below,\,1
\compile,\,1
all_a,1
8/4/2,1
inverse,1
GL_ARB_draw_indirect,1
GL_NV_explicit_multisample,1
searched,1
#276,1
\v2),\,1
r=15,1
Hanninen,1
huffman;,1
1.30,1
WGL_EXT_pbuffer,1
\Extensions,\,1
\stbi_load_from_file,\,1
treated,1
vtx/normal/texcoord,1
GL_ARB_fragment_program,1
older,1
GL_ARB_multitexture,1
red,1
1.0.7,1
figure,1
\enough,\,1
WGL_OML_sync_control,1
packs,1
GL_NV_copy_image,1
\"\refl"\\,1
non-negative,1
GL_SGIX_depth_texture,1
GL_EXT_debug_label,1
*any*,1
\query,\,1
1.24,1
STBI_ONLY_HDR,1
seemingly,1
\transparent,\,1
a*b,1
Graham,1
Tero,1
\G,\,1
(it,1
non-x86/x86_64,1
GL_NV_texture_shader3,1
colorsused,1
messed,1
GL_ARB_seamless_cube_map,1
\documented,\,1
refraction,1
GL_NV_tessellation_program5,1
GL_ARB_ES3_2_compatibility,1
\*x,\,1
};,1
(formats,1
2.2,1
block--,1
GL_EXT_pixel_transform_color_table,1
failure_reason,1
bilinearly,1
(in,1
GL_NV_query_resource_tag,1
GL_ARB_separate_shader_objects,1
(2014-08-07),1
Posix),1
11,1
pass1_x[12],1
stores,1
\VSWP,\,1
0.55,1
STBI_ONLY_PIC,1
\0),\,1
1.20,1
GL_ATI_vertex_streams,1
cube_left,1
GL_NV_fragment_program4,1
CRT,1
Moore's,1
(2014-06-04),1
std::streambuf,1
clamped,1
map_Ka,1
0b10000001,1
287;,1
test/load,1
STBI_ONLY_GIF,1
*writing*,1
GL_AMD_shader_gpu_shader_half_float_fetch,1
GL_AMD_name_gen_delete,1
STBI_NO_PNM,1
swapped,1
\1<<12,\,1
GL_NV_texture_rectangle_compressed,1
\"\stb_image.h"\\,1
GL_ARB_transform_feedback3,1
named,1
279;,1
(unless,1
(more,1
tweaked,1
ALL,1
sqrt(8),1
doing,1
-1),1
a0a1a2a3...a7b0b1b2b3...b7,1
\above,\,1
flags0,1
map_Ks,1
items),1
_MSC_VER,1
WGL_I3D_gamma,1
GL_EXT_framebuffer_sRGB,1
GL_OML_resample,1
PRIMARY,1
transparent),1
fetch,1
\iteration,\,1
\binary,\,1
'materials',1
GL_ARB_shader_texture_lod,1
Wiesemann,1
GL_VERSION_1_4,1
Limitations:,1
GL_ARB_spirv_extensions,1
originally,1
15;,1
Better,1
GL_ARB_window_pos,1
STBI_rgb,1
DEPRECATED,1
GL_PGI_vertex_hints,1
GL_EXT_texture_sRGB_decode,1
access,1
github:rlyeh,1
`examples/callback_api/`,1
33);,1
overt,1
failed,1
GL_NV_vdpau_interop,1
GL_ARB_arrays_of_arrays,1
GL_EXT_subtexture,1
`ratio',1
Mesia,1
practice,1
ahead,1
Anael,1
GL_EXT_packed_pixels,1
GL_NVX_linked_gpu_multicast,1
\zeros),\,1
(N=bits),1
row0,1
8),1
GL_EXT_texture_shared_exponent,1
dispoase,1
x64,1
blow),1
\colormap,\,1
flip),1
(-1<<n),1
break,1
\size,\,1
`material_id`,1
GL_MESA_program_binary_formats,1
detriment,1
instructions,1
constant:,1
Floating-point,1
malformed;,1
Raw,1
happy..,1
seems,1
GL_ARB_texture_storage,1
feof(),1
WGL_ARB_robustness_application_isolation,1
displacement,1
Bitmap,1
1.37,1
Duotone,1
disp,1
GL_AMD_depth_clamp_separate,1
DECLARED,1
extract,1
neither,1
STBI_ONLY_*,1
\these,\,1
separator(';',1
computation,1
stbi_info,1
\"\+"\\,1
\safe,\,1
GL_SGIX_pixel_texture,1
Origin,1
GL_MESA_shader_integer_functions,1
located,1
6,1
\"\9"\\,1
GL_EXT_shader_framebuffer_fetch_non_coherent,1
http://gist.github.com/urraka/685d9a6340b26b830d49,1
Profile:,1
ending,1
GL_SGIS_texture_border_clamp,1
format-conversion,1
example),1
STBI_ONLY_PSD,1
\tasks,\,1
rows,1
GL_EXT_EGL_image_storage,1
implementation(#175),1
\JPG,\,1
GL_EXT_stencil_two_side,1
oversized,1
zlib-style,1
Matvey,1
mentioned,1
1.00,1
unpremultiplication,1
intefere,1
Small,1
GL_SGIX_interlace,1
GL_EXT_polygon_offset,1
GL_EXT_rescale_normal,1
dangerous,1
\CRT,\,1
GL_NV_texture_multisample,1
sets,1
variables;,1
Get,1
\"\format"\\,1
3.0,1
discussion,1
GL_GREMEDY_frame_terminator,1
GL_AMD_shader_explicit_vertex_parameter,1
pairs,1
GL_EXT_vertex_weighting,1
FieryDrake,1
`faceGroup`,1
corner,1
disposal,1
GL_SGIX_list_priority,1
STBI_MINGW_ENABLE_SSE2,1
w,1
applies,1
\PIC,\,1
GL_ATI_texture_mirror_once,1
GL_NV_deep_texture3D,1
GL_EXT_provoking_vertex,1
GL_NV_blend_equation_advanced_coherent,1
1.12,1
\width,\,1
Photoshop,1
GL_VERSION_3_3,1
brief,1
Sawicki,1
IDCTing,1
Is,1
github:grim210,1
split,1
GL_ATI_text_fragment_shader,1
van,1
WGL_ARB_framebuffer_sRGB,1
bunch,1
support;,1
12-bit-per-channel,1
STBI_NO_FAILURE_STRINGS,1
Linear,1
Wenger,1
ADDITIONAL,1
Miller),1
Matt,1
GL_ATI_fragment_shader,1
extend,1
1.0.6,1
GL_ARB_shader_storage_buffer_object,1
GL_NV_conservative_raster,1
GL_NV_vertex_attrib_integer_64bit,1
QUICK,1
:),1
.PSD,1
(PNM,1
lock-heavy,1
By,1
termination,1
GL_ARB_sparse_texture,1
column-major,1
Alexander,1
Turbulence,1
(2014-06-25),1
bit-per-channel),1
recover,1
1.09,1
pretty,1
application's,1
?!?!,1
'w',1
built-in,1
flip,1
STBI_ASSERT,1
GL_ARB_texture_cube_map,1
(@Kiljacken),1
Christpher,1
Martins,1
No-op,1
WGL_ARB_make_current_read,1
1.23,1
Aurelien,1
GL_ARB_texture_env_crossbar,1
(2010-07-24),1
GL_AMD_gpu_shader_int16,1
file;,1
GL_ARB_enhanced_layouts,1
clamp,1
GL_SGIX_igloo_interface,1
Mode,1
GL_EXT_cull_vertex,1
std::move,1
aniso,1
WGL_ARB_create_context,1
(should...),1
\type,\,1
GL_ARB_copy_image,1
saves,1
RGB-format,1
free(out),1
0.56,1
according,1
method,1
GL_EXT_external_buffer,1
Quaternion,1
Stratton,1
\"\none"\\,1
history;,1
GL_HP_texture_lighting,1
GL_SGI_color_matrix,1
GL_VERSION_3_0,1
Duparc,1
#1,1
Karlsson,1
1<<2,1
GL_NV_shader_storage_buffer_object,1
k,1
(zak@strangedev.net,1
(#define,1
Morozov,1
names[0],1
_CRT_SECURE_NO_WARNINGS,1
granted,1
\("\easy\,1
\palette,\,1
\float"\\,1
1.2.2,1
illumination,1
overshoot,1
2.04,1
\two,\,1
PSD;,1
share,1
\reason,\,1
free(),1
\clamped,\,1
converter,1
protected,1
combine,1
GL_NV_vertex_program3,1
side,1
priorities,1
/////////////////////////////////////////////,1
streambuf,1
'stbi_uc',1
(io,1
0.58,1
1<<31,1
\x,y,n;\,1
texname,1
Functionality:,1
==>>=========,1
GL_ARB_bindless_texture,1
GL_SGIX_shadow_ambient,1
tried,1
4;,1
c++,1
@AntonDan,1
GL_REND_screen_coordinates,1
LoadObj),1
\loss,\,1
\ok,\,1
item(s),1
contains,1
As,1
(radiance,1
skips,1
\filename,\,1
hitting,1
convinced,1
\"\DOCUMENTATION"\\,1
encode,1
exists,1
GL_ARB_framebuffer_object,1
\IDCT,\,1
(found,1
W,1
\img_mcu_x,\,1
\cr,\,1
_inverse_,1
\(hdr,\,1
format-specific,1
Weinberger,1
2-byte,1
1.45,1
GL_ARB_imaging,1
dictionary,1
GL_ARB_vertex_buffer_object,1
GL_ARB_debug_output,1
24bit,1
Parameterize,1
GL_ARB_conditional_render_inverted,1
\loading,\,1
GL_EXT_texture_cube_map,1
RECENT,1
It,1
r/g/b/a,1
Chun,1
GL_NV_bindless_multi_draw_indirect,1
saw,1
streaming,1
increase,1
little,1
(non-transparent),1
E.g,1
past,1
GL_ARB_map_buffer_alignment,1
color;,1
needing,1
GL_ARB_timer_query,1
transparency,1
\critical,\,1
-n+1,1
Guillemot,1
'usemtl'(#104),1
line('l'),1
\"\5"\\,1
GL_ARB_conservative_depth,1
GL_EXT_texture_env_combine,1
WGL_NV_DX_interop2,1
GL_NV_blend_equation_advanced,1
has_kd,1
\paper,\,1
seen,1
GL_ARB_vertex_type_10f_11f_11f_rev,1
developers,1
JR,1
drain,1
differently,1
Veselov,1
rounded,1
WGL_EXT_swap_control_tear,1
recurse,1
\x86,\,1
`usemtl`(#138),1
assert(),1
Suppress,1
1<<30,1
GL_VERSION_3_1,1
WE,1
stbi__err,1
WGL_NV_render_texture_rectangle,1
\(pgm,\,1
Exponent,1
2012-2018,1
pass1_x[5],1
powf,1
GL_ARB_get_program_binary,1
ID(0,1
refers,1
GL_NV_shader_atomic_fp16_vector,1
1.3.0,1
analysis,1
#defining,1
-n,1
\row,\,1
n),1
emphasize,1
GL_AMD_transform_feedback4,1
\(R,\,1
terms,1
5;,1
\stbi_loadf(filename,\,1
GL_ARB_shader_group_vote,1
Thus,1
decode;,1
\laws,\,1
\(note,\,1
\message,\,1
half,1
GL_NV_fragment_program,1
immediately,1
GL_EXT_direct_state_access,1
GL_SGIX_convolution_accuracy,1
s->img_buffer,1
allocation,1
0.61,1
message(filled,1
Cass,1
preset,1
43),1
link,1
GL_EXT_vertex_attrib_64bit,1
\bail,\,1
validation;,1
GL_AMD_sample_positions,1
WGL_ATI_pixel_format_float,1
secondary,1
GL_EXT_texture_perturb_normal,1
JFIF,1
arg,1
INTMAX,1
bring,1
\INT_MAX"\\,1
\name,\,1
\'extend',\,1
YCCK,1
everything's,1
(at,1
behind,1
not-accelerated,1
cmf,1
fall-back,1
DOCUMENTATION,1
1.33,1
(Interpret,1
GL_EXT_draw_buffers2,1
tga_inverted,1
Dale,1
boundaries),1
\"\most\,1
\context,\,1
\GIF,\,1
clearly,1
bytes),1
\"\return"\\,1
guess,1
GL_ARB_clip_control,1
MyATan2F,1
GL_NV_alpha_to_coverage_dither_control,1
GL_EXT_texture_filter_anisotropic,1
github:phprus,1
0.50,1
GL_ARB_sample_locations,1
GL_APPLE_row_bytes,1
GL_ARB_fragment_shader_interlock,1
GL_EXT_abgr,1
proper,1
'1'..'4',1
2:,1
verbose,1
TINY_OBJ_LOADER_H_,1
entirely,1
usage):,1
Usually,1
GL_NV_path_rendering,1
\ATanF,\,1
GL_EXT_blend_func_separate,1
numerous,1
bumpmap,1
GL_NV_blend_minmax_factor,1
1.4.0,1
16-bits-per-channel,1
GL_NV_texture_env_combine4,1
Strange,1
GL_ARB_copy_buffer,1
Philipp,1
eh,1
(Raymond,1
tinyobjloader,1
GL_EXT_bindable_uniform,1
Cherevko,1
resolved,1
prevent,1
(2019-02-25),1
(2015-01-19),1
GL_SGIX_sprite,1
DQT,1
global,1
GL_KHR_debug,1
Aldo,1
GL_EXT_texture_compression_latc,1
completely,1
\general,\,1
9,1
David,1
TEXTURE_TYPE_NONE),1
callback-based,1
meaning,1
1.40,1
\bspline,\,1
nlen,1
1.1.0,1
\points,\,1
STBI_SSE2,1
cinfo,1
GL_MESA_pack_invert,1
'0',1
\values,\,1
GL_NV_uniform_buffer_unified_memory,1
GL_NVX_conditional_render,1
GL_EXT_point_parameters,1
c1[even]*x,1
-colorspace,1
transparency),1
attempting,1
unpremultiply;,1
\unclamped,\,1
de-zigzag,1
\available,\,1
\CosF,\,1
delta,1
DLLs,1
phases,1
GL_EXT_pixel_transform,1
GL_EXT_framebuffer_object,1
\"\read"\\,1
int.),1
-mstackrealign,1
MSbits,1
\together,\,1
1.19,1
GL_AMD_draw_buffers_blend,1
Initialize,1
8:,1
usage;,1
\software,\,1
GL_APPLE_fence,1
trust,1
(gif),1
BEGIN,1
RLE-compressed,1
standpoint,1
\again,\,1
interface:,1
Gregory,1
\however,\,1
github:svdijk,1
GL_ARB_shader_clock,1
GL_EXT_post_depth_coverage,1
jpg,1
2.25,1
STBI_ONLY_BMP,1
fourth,1
GL_NV_shader_thread_shuffle,1
values:,1
P3),1
field,1
backwards,1
1.01,1
__MINGW32__,1
GL_ARB_texture_barrier,1
Standard,1
licenses,1
via,1
GL_EXT_vertex_array_bgra,1
a0b0c0d0..,1
CREDITS,1
\otherwise,\,1
benefit,1
restart_interal,1
WGL_NV_render_depth_texture,1
refl,1
chunk,1
GL_IBM_multimode_draw_arrays,1
(linear),1
STBI_NO_JPEG,1
FILE,1
GL_AMD_blend_minmax_factor,1
appear,1
GL_EXT_depth_bounds_test,1
GL_VERSION_1_5,1
stbi__tga_load(),1
offsets:,1
\STBI_MALLOC,\,1
SHOULD,1
GL_SGIX_async,1
item,1
Barbiero,1
GL_ARB_blend_func_extended,1
GL_NV_copy_depth_to_color,1
iphone-formatted,1
\channel,\,1
#7,1
\stbi__resample_row_generic(),\,1
<=4,1
MSVC-ARM,1
\forward-compatible,\,1
43,1
order[],1
jfif-centered,1
stbi_image_free,1
\gross,\,1
GL_OVR_multiview,1
'void,1
GL_ARB_point_parameters,1
+=',1
translucent.,1
lookup,1
vertices(poly,1
of),1
encountered,1
cube_back,1
advance,1
GL_NV_texture_shader2,1
(psd),1
GL_INTEL_blackhole_render,1
4|5,1
compression,1
\encoded,\,1
I'll,1
GL_EXT_gpu_shader4,1
Forseth,1
https://d3cw3dd2w32x2b.cloudfront.net/wp-content/uploads/2015/01/matrix-to-quat.pdf,1
colortype,1
github:darealshinji,1
v0.2,1
bias[n],1
\colors,\,1
refraction),1
GL_NV_query_resource,1
GL_NV_shader_thread_group,1
Where,1
GL_NV_shader_atomic_float64,1
transmittance,1
STBI_NO_TGA,1
GL_NV_stereo_view_rendering,1
GL_KHR_parallel_shader_compile,1
linked-list,1
GL_ARB_program_interface_query,1
Up,1
\*y,\,1
Jeremy,1
dissolve,1
NOTES:,1
B,1
again;,1
\interface,\,1
TINYOBJLOADER_IMPLEMENTATION,1
GL_SGIX_vertex_preclip,1
effective,1
encoding,1
lib),1
\gifs,\,1
(2014-07-09),1
lonesock;,1
transformations,1
65536,1
stbi__pngchunk,1
GL_NV_geometry_shader_passthrough,1
GL_SGIX_blend_alpha_minmax,1
\bias,\,1
GL_NV_light_max_exponent,1
GL_ARB_texture_compression_rgtc,1
GL_ARB_texture_filter_minmax,1
STBI_SIMD,1
\int32_t,\,1
Pixel,1
HandmadeMath,1
'firstcode',1
GL_ARB_internalformat_query,1
JUMP,1
untile,1
\"\moose2000"\\,1
stop_file(stbi__context,1
\0->0,\,1
STBI_SUPPORT_ZLIB,1
GL_AMD_sparse_texture,1
GL_EXT_copy_texture,1
\sample,\,1
GL_EXT_convolution,1
GL_OES_read_format,1
intended,1
although,1
mallocs,1
+3.1417e+2,1
WGL_EXT_framebuffer_sRGB,1
Optimizations,1
`readMatFn`,1
GL_ARB_draw_instanced,1
(2015-01-17),1
Aleph,1
GL_SGI_texture_color_table,1
Roszkowski,1
\elems=x,\,1
0-byte,1
commercial,1
\perpetual,\,1
GL_NV_bindless_texture,1
1.0?),1
jurisdictions,1
RGBE,1
unless,1
coding,1
GL_NV_multisample_filter_hint,1
c1[odd]*y,1
J,1
GL_SGIS_generate_mipmap,1
2.21,1
GL_EXT_texture_compression_s3tc,1
fall,1
filetypes,1
\"\2"\\,1
1.31,1
GL_VERSION_1_3,1
post-deflated,1
bit-packed,1
GL_ATI_texture_float,1
\Legal,\,1
0.54,1
2.0.0,1
No,1
non,1
GL_EXT_texture_buffer_object,1
approach,1
GL_AMD_gcn_shader,1
weight,1
\RGB16,\,1
require),1
WGL_EXT_display_color_table,1
prims(e.g,1
previou,1
authors,1
multiples,1
stack;,1
1-bit-per-pixel,1
HISTORY:,1
1.18,1
libs,1
bpc/arithmetic,1
(@bvisness),1
unnecessary,1
inefficiency,1
GL_3DFX_tbuffer,1
\"\as-is"\\,1
perpetuity,1
GL_NV_vertex_program,1
1.34,1
VC6,1
flattened,1
GL_EXT_raster_multisample,1
*comp',1
An,1
(2010-07-17),1
stbi_image_free(data),1
(checked,1
'f',1
\map_Bump,\,1
GL_ARB_texture_rgb10_a2ui,1
@strangezak),1
GL_ARB_robust_buffer_access_behavior,1
_M_IX86_FP,1
\generation,\,1
OBJ,1
concerned,1
memcpy,1
GL_SGIS_fog_function,1
Report,1
ignores,1
are:,1
jon,1
vs,1
Jerry,1
\do,\,1
GL_ARB_occlusion_query2,1
GL_SUN_slice_accum,1
GL_AMD_texture_texture4,1
pending,1
\far,\,1
GL_EXT_pixel_buffer_object,1
reaching,1
Saito,1
GL_ARB_ES2_compatibility,1
relinquishment,1
8-bit),1
Explicitly,1
(PPM,1
\RGB,\,1
\weirdly,\,1
boundary,1
Initial,1
=========================,1
clean,1
num_indices,1
Animated,1
GL_ARB_shader_viewport_layer_array,1
compatibility,1
\"\image\,1
buffer;,1
\you,\,1
GL_ARB_depth_buffer_float,1
GL_NV_fragment_program2,1
1.41,1
cb,1
PBR,1
checks),1
(2011-06-20),1
GL_EXT_texture_snorm,1
(*comp,1
http://netpbm.sourceforge.net/doc/pgm.html,1
replicate,1
STBI_FAILURE_USERMSG,1
http://stackoverflow.com/questions/236129/split-a-string-in-c,1
STBI_FREE,1
GL_KHR_texture_compression_astc_ldr,1
WGL_NV_video_capture,1
GL_ARB_shader_texture_image_samples,1
Issue,1
GL_EXT_polygon_offset_clamp,1
forum,1
extends,1
GL_ATI_separate_stencil,1
16-bitness,1
table;,1
everywhere,1
1.10,1
GL_EXT_memory_object,1
threading,1
etc,1
GL_ARB_cull_distance,1
file/data,1
\("\E"\\,1
GL_NV_fog_distance,1
byte;,1
variables!),1
ppm),1
img_mcu_y:,1
earlier),1
'int,1
\STBI_NO_*,\,1
2.06,1
nearest-neighbor,1
GL_EXT_texture_filter_minmax,1
(across,1
0.0,1
GL_APPLE_object_purgeable,1
GL_ARB_vertex_attrib_64bit,1
anyway),1
9:,1
overhead,1
LogF,1
\Alpha,\,1
options,1
v0.10,1
STBI_ASSERT(x),1
GL_VERSION_2_0,1
Bartholomew,1
\Windows,\,1
comments),1
GL_EXT_blend_minmax,1
1.43,1
warning-fixes,1
Mixed,1
attributes,1
\PNGs,\,1
decent,1
turns,1
files(#105),1
subset),1
GL_NVX_blend_equation_advanced_multi_draw_buffers,1
*post*-multiplied,1
dynamic,1
emission,1
indicate,1
approx,1
processed,1
GL_ARB_direct_state_access,1
GL_VERSION_3_2,1
Schmidt,1
Run,1
\store,\,1
i'm,1
>>=,1
extension),1
SINCE,1
\"\previous"\\,1
(NEON),1
Input,1
reconfigured,1
PNGS;,1
\blocks,\,1
\sources,\,1
edges,1
Search,1
resources,1
\HANDMADE_MATH__USE_SSE"\\,1
GL_WIN_specular_fog,1
integration,1
\textures,\,1
mapping,1
P2,1
notate,1
PGM/PPM,1
GL_INTEL_performance_query,1
GL_NV_point_sprite,1
stbi__tga_test(),1
GL_ARB_shader_bit_encoding,1
\non-1bpp,\,1
-len+1,1
GL_ARB_fragment_shader,1
GL_NV_vertex_program1_1,1
LDR,1
guarante,1
IP,1
https://wrf.ecse.rpi.edu//Research/Short_Notes/pnpoly.html,1
1D,1
\Therefore,\,1
GL_ARB_fragment_layer_viewport,1
above),1
entropy-coded,1
\"\#"\,\,1
0b01000001,1
Option,1
flat,1
contrast,1
fractionally,1
WGL_NV_swap_group,1
GL_ARB_shader_objects,1
\1<<3,\,1
(4.3),1
Face,1
Contributors,1
(copying,1
grisha),1
depalettized,1
mul-by-0,1
GL_ARB_fragment_coord_conventions,1
GL_SGIX_calligraphic_fragment,1
GL_ATI_texture_env_combine3,1
maps..,1
WGL_NV_delay_before_swap,1
TGAs,1
GL_EXT_shader_image_load_store,1
behavior:,1
`z`,1
Blow,1
\aligned,\,1
GL_NV_occlusion_query,1
\quad,\,1
stb),1
(The,1
SSE2/NEON,1
helper,1
GL_ARB_texture_env_dot3,1
multiply,1
cases;,1
allocated,1
paletted,1
2.03,1
GL_NV_parameter_buffer_object,1
tga_alpha_bits,1
1.29,1
subsystems,1
GL_NV_fragment_shader_interlock,1
GL_EXT_packed_float,1
X,1
implementations,1
loading;,1
SOS,1
GL_INTEL_framebuffer_CMAA,1
murder,1
\blue,\,1
GL_ARB_map_buffer_range,1
revert,1
Ulrich,1
Thomas,1
definition,1
2.00,1
PGM,1
index_t,1
out(0),1
certain,1
Eltham,1
map_Ns,1
view,1
*_is_16_bit,1
restart_interval,1
GL_INGR_interlace_read,1
GL_EXT_gpu_program_parameters,1
major,1
corresponding,1
sscanf(),1
\yep,\,1
compilers),1
\huffman,\,1
#3,1
bitstream,1
returned,1
Color,1
STBI_ONLY_TGA,1
(@DanielGibson),1
wild,1
type-specific,1
cube_bottom,1
GL_ARB_texture_view,1
GL_EXT_index_array_formats,1
respectively,1
\png,\,1
\"\a*b*c\,1
resampling,1
mind,1
0.52,1
regular,1
GL_ARB_shader_ballot,1
3:,1
\words,\,1
destination,1
parameters,1
=<<==========,1
Gregan,1
GL_SGIX_texture_add_env,1
2.00b,1
GL_NV_shader_atomic_float,1
out_gif_code,1
GL_HP_occlusion_test,1
Ferrer,1
Raschke,1
rotation,1
ryg),1
\w2,\,1
\"\0"\\,1
query),1
GL_SUN_convolution_border_modes,1
\format,\,1
community,1
1.46,1
1]),1
memory-decode,1
quad),1
31;,1
bmps..,1
JPEGs,1
undoing,1
GL_APPLE_flush_buffer_range,1
fast-way,1
z:z-depth.,1
queried,1
mcu,1
0.94,1
\elements,\,1
\maintain"\,\,1
\coefficient,\,1
GL_NV_command_list,1
appropriately),1
\requests,\,1
GL_KHR_texture_compression_astc_sliced_3d,1
GL_ARB_pipeline_statistics_query,1
16;,1
values;,1
\source,\,1
`sRGB`,1
GL_ARB_vertex_blend,1
#178),1
application(e.g,1
lost,1
SOF),1
PNG-extensions,1
is-hdr-or-not,1
variant,1
easy-to-use,1
matching,1
ABI,1
GL_ARB_texture_query_levels,1
globals,1
GL_AMD_vertex_shader_tessellator,1
1.38,1
usual,1
std::vector<int>,1
Dummy,1
higher,1
wish,1
GL_ARB_texture_filter_anisotropic,1
Microsoft's,1
GL_ATI_map_object_buffer,1
several,1
GL_APPLE_aux_depth_stencil,1
GL_ARB_transform_feedback_instanced,1
expecting:,1
files;,1
being,1
JPEG/JFIF,1
WGL_ARB_pixel_format,1
Gray,1
STBI_HEADER_FILE_ONLY,1
`mtl_text`,1
Blazej,1
GL_ARB_cl_event,1
GL_APPLE_vertex_array_object,1
GL_ARB_gpu_shader_fp64,1
PPM:,1
map_Pr,1
a4b4c4d4..,1
successful,1
Empty,1
\settings,\,1
(Ken,1
off),1
\"\3"\\,1
(2014-08-16),1
descale,1
\all,\,1
0b00100001,1
dedicate,1
(constant),1
3-component,1
GL_SGIX_resample,1
(2015-04-12),1
GL_EXT_cmyka,1
1.03,1
requiring,1
\ago,\,1
library,1
Unicode,1
heirs,1
\right,\,1
GL_NV_blend_square,1
mingw,1
GL_ARB_sampler_objects,1
Fixes:,1
output;,1
GL_ARB_post_depth_coverage,1
\new,\,1
integers,1
8-bits-per-channel,1
its,1
(No,1
GL_AMD_conservative_depth,1
often,1
GL_NV_vertex_array_range,1
Moore,1
GL_NV_conservative_raster_pre_snap_triangles,1
cleanup,1
1.0.8,1
dependent,1
one-file,1
reduced-precision,1
cinfo)..,1
Manages,1
simplicity;,1
markers,1
GL_ARB_shadow_ambient,1
0.5,1
GL_ARB_texture_swizzle,1
WGL_NV_gpu_affinity,1
GL_IBM_static_data,1
map_Pm,1
(2016-11-29),1
bugfix:,1
cost,1
truncate,1
GL_NV_texgen_reflection,1
char*,1
\channels,\,1
GL_NV_conservative_raster_pre_snap,1
ASCII,1
start_xxx,1
GL_ARB_depth_clamp,1
preceded,1
\STBI_MALLOC,STBI_REALLOC,STBI_FREE\,1
align,1
16-bit-per-pixel,1
GL_EXT_semaphore_win32,1
\ie,\,1
occurs,1
Kamera,1
Nick,1
(2008-08-02),1
3ds,1
>>,1
integer],1
NOTE(zak):,1
THESE,1
GL_ARB_occlusion_query,1
Seghezzi,1
matte,1
rightmost,1
axis,1
g,1
pixel--one,1
GL_EXT_stencil_clear_tag,1
blue,1
indices;,1
<=17,1
SubD,1
\l:luminance,\,1
GCC/Clang,1
dynamically,1
(starts,1
concatinate,1
cached,1
RGB-to-Y,1
limitations:,1
Currently,1
endian,1
Microsoft/Windows,1
\TanF,\,1
GL_MESAX_texture_stack,1
exposed,1
(unknown),1
those,1
Everitt,1
#defines,1
New,1
_would_,1
GL_ARB_shader_atomic_counters,1
emphasized,1
APIs,1
Guillaume,1
callback,1
GL_ARB_clear_texture,1
alpha=255,1
GL_OES_fixed_point,1
GL_EXT_compiled_vertex_array,1
c0[even]*x,1
delayed,1
i;,1
STBI_NO_PSD,1
'v'(xyz),1
(2010-07-12),1
YCbCr-to-RGB,1
though,1
stbi_ldr_to_hdr_gamma(2.2f);,1
`mtllib`,1
\1-component,\,1
stbi_ldr_to_hdr_scale(1.0f);,1
sloppy,1
GL_ARB_transpose_matrix,1
structurally,1
a0b0a2b2a4b4a6b6,1
STBI_MALLOC,1
Unary,1
\string,\,1
iter,1
iMCU,1
constructed,1
shouldn't,1
\malloced,\,1
indices(e.g,1
triples:,1
Won,1
Wenger),1
1.06,1
GL_NV_path_rendering_shared_edge,1
1.35,1
EBNF,1
windows),1
Carmelo,1
GL_ARB_texture_non_power_of_two,1
1-pixel-wide,1
counting,1
conceptually,1
defined,1
falls,1
\map,\,1
Michal,1
hres,1
-0,1
non-empty,1
suited,1
GL_NV_gpu_shader5,1
material_t,1
\unfortunate,\,1
cube_top,1
0.51,1
>9,1
WGL_EXT_pixel_format_packed_float,1
Cichon,1
canonical,1
intrinsics,1
GL_ARB_texture_query_lod,1
`pad',1
Bois,1
'cur,1
DO,1
Horde3D,1
individual,1
noop,1
spacing,1
quantization,1
illum,1
followed,1
\map_bump,\,1
GL_ARB_texture_stencil8,1
claim,1
duplicated,1
out(1),1
'vn',1
\g:green,\,1
therefore,1
factors,1
\exporter),\,1
report,1
GL_SGIS_texture4D,1
GL_EXT_semaphore_fd,1
GL_ARB_compute_variable_group_size,1
WGL_EXT_multisample,1
inner,1
Paletted,1
GL_EXT_texture_env_add,1
\Also,\,1
GL_EXT_fog_coord,1
HERE,1
\paths,\,1
non-rounding,1
(reports,1
'default_vcols_fallback',1
(2014-06-06),1
-1.41,1
\up,\,1
pass1_x[4],1
Bug,1
causes,1
stbi__clamp,1
high-quality,1
GL_SGIS_pixel_texture,1
GL_NV_texture_expand_normal,1
'skip',1
GL_NV_texture_rectangle,1
GL_AMD_shader_ballot,1
preferred,1
GL_MESA_ycbcr_texture,1
accomidate,1
9;,1
GL_KHR_no_error,1
GL_ARB_gpu_shader_int64,1
Modifed,1
0.92,1
0.59,1
non-easy,1
background;,1
stbi_is_hdr(char,1
(always,1
255s,1
GL_EXT_separate_specular_color,1
used),1
'*comp',1
or'ing,1
comparisons,1
portable,1
\way,\,1
Mikhail,1
GL_SGIS_detail_texture,1
\interleave,\,1
range:,1
calculation,1
GL_EXT_debug_marker,1
\"\info"\\,1
Kevin,1
0.97,1
code_buffer,1
.hdr,1
coefficients,1
`shape.mesh`,1
zlib-from-memory,1
assumes,1
GL_SGIX_pixel_tiles,1
GL_AMD_framebuffer_sample_positions,1
7:,1
native,1
#ifdef,1
GL_ARB_point_sprite,1
GL_EXT_memory_object_win32,1
(@insofaras),1
op,1
Joseph,1
mmx/sse,1
GL_NV_shader_buffer_store,1
warn!,1
put,1
GL_ARB_texture_compression_bptc,1
GL_EXT_framebuffer_blit,1
optimized,1
1.07,1
less-easy-to-use,1
contributors,1
CONFIGURATION,1
\"\good\,1
GL_EXT_texture_compression_rgtc,1
\instruction,\,1
GL_EXT_texture,1
Kim,1
emplace_back,1
once,1
GL_VERSION_2_1,1
Mullen,1
map_Ps,1
Dariusz,1
`w`,1
non-spec,1
Mike,1
GL_INTEL_parallel_arrays,1
test;,1
GL_ARB_shader_atomic_counter_ops,1
'vt'(w),1
GL_EXT_blend_logic_op,1
https://www.khronos.org/registry/OpenGL-Refpages/gl2.1/xhtml/gluPerspective.xml,1
memset(,1
GL_NV_texture_compression_vtc,1
floats,1
warn,1
GL_SGIS_texture_filter4,1
\range,\,1
UST/MSC,1
\std::istream,\,1
GL_NV_vertex_program2_option,1
GL_ARB_pixel_buffer_object,1
github:urraka,1
\LeBlanc,\,1
triggers,1
prediction,1
GL_NV_fragment_coverage_to_color,1
MTL,1
eventually,1
GL_ARB_stencil_texturing,1
(is-16-bit,1
risk,1
GL_NV_video_capture,1
0.57,1
(@TheGingerBill),1
unchanged,1
\(whoops,\,1
double,1
2.08,1
Utility,1
Basic,1
GL_EXT_stencil_wrap,1
(2011-07-13),1
counters,1
N-bit,1
precessing,1
1/2/4/8/16-bit-per-channel,1
Neon,1
(1-bit,1
GL_EXT_texture_object,1
implied;,1
stbi__idct_block,1
STBI_NO_SIMD,1
Jordan,1
Descriptor,1
modern,1
rendering,1
vertically,1
GL_EXT_coordinate_frame,1
map_d,1
8-bits,1
GL_NV_gpu_multicast,1
existing,1
GL_SGIX_async_pixel,1
\ACosF,\,1
Hayaki,1
(generic),1
supposed,1
stock,1
Comment,1
\GCC,\,1
Interpretation,1
real_value,1
details),1
bug;,1
GL_AMD_seamless_cubemap_per_texture,1
dequantize,1
\"\unsigned\,1
follow,1
\PIC,PNM,HDR,TGA\,1
separately,1
GL_ARB_ES3_compatibility,1
1.25,1
'data',1
GL_ARB_sparse_buffer,1
Martin,1
ugly,1
\NULL,\,1
\Additionally,\,1
\16,\,1
b0d0f0h0..,1
ear,1
pow,1
GL_EXT_win32_keyed_mutex,1
photoshop,1
exactly,1
0.98,1
having,1
second,1
\(resolution,\,1
\stbi_convert_iphone_png_to_rgb(0),\,1
(2019-03-04),1
act,1
Aruelien,1
.mtl(v1,1
github:Zelex,1
parallel,1
worked,1
GL_EXT_framebuffer_multisample,1
WGL_I3D_swap_frame_lock,1
(untested),1
GL_ARB_transform_feedback_overflow_query,1
ptrdiff_t,1
biases,1
Oriol,1
GL_NV_vertex_array_range2,1
speedup,1
(2010-08-16),1
(mmozeiko),1
John-Mark,1
1\.[2-9]|[234]\.[0-9],1
divide,1
Fallback,1
GL_NV_pixel_data_range,1
GL_MESA_tile_raster_order,1
comp[i].h,1
(affects,1
GL_NV_register_combiners,1
GL_ARB_robustness_isolation,1
merge,1
\out,\,1
Reed,1
\handling,\,1
format),1
\true,\,1
sufficient,1
\INT_MAX,\,1
GL_AMD_gpu_shader_half_float,1
GL_VERSION_4_2,1
GL_ATI_envmap_bumpmap,1
remapped,1
STBI_ONLY_JPEG,1
'receive',1
optimal,1
smaller,1
\restart,\,1
x86),1
stack,1
validate,1
WGL_EXT_create_context_es2_profile,1
GL_ATI_meminfo,1
\(jpeg,\,1
callbacks),1
\down,\,1
GL_OES_query_matrix,1
*comp=4,1
Paul,1
WGL_ARB_pbuffer,1
color-swapped,1
GL_NV_texgen_emboss,1
GL_ARB_explicit_attrib_location,1
think,1
\m:matte,\,1
MYATan2F,1
(2006-11-19),1
consistency,1
GL_ARB_shading_language_packing,1
typedef,1
flip;,1
synchronization,1
GL_NV_register_combiners2,1
coded,1
STBI_INCLUDE_STB_IMAGE_H,1
GL_ARB_uniform_buffer_object,1
\"\easy\,1
(1|2|3|4|5|6|7)==0,1
Warning,1
\"\Disch"\\,1
WGL_NV_float_buffer,1
Trinton,1
exportGroupsToShape,1
GL_EXT_packed_depth_stencil,1
simultaneously,1
WGL_ARB_multisample,1
(2014-05-27),1
github:romigrou,1
aka,1
\version,\,1
GL_3DFX_texture_compression_FXT1,1
WGL_EXT_make_current_read,1
RGBA-to-YA),1
cube_front,1
vrshrn_n_s32,1
GL_ARB_internalformat_query2,1
16x16,1
STBI_NOTUSED,1
github:Michaelangel007,1
white),1
sizeof,1
\present,\,1
Mitton,1
Need,1
nasty,1
above:,1
(full,1
Error,1
turn,1
feedback,1
attempts,1
help,1
ever,1
flags1,1
decompress/filter,1
GL_ARB_shadow,1
GL_ARB_multi_bind,1
happens:,1
pointed,1
GL_ARB_polygon_offset_clamp,1
'slow',1
GL_ARB_color_buffer_float,1
be;,1
GL_ARB_invalidate_subdata,1
Games,1
That,1
GL_EXT_vertex_shader,1
(8,1
'firstsymbol',1
Cort,1
'\\'(for,1
decreased,1
GL_SGIX_texture_lod_bias,1
WGL_ARB_extensions_string,1
\v,\,1
GL_NV_draw_vulkan_image,1
Gingerbill,1
\Blue,\,1
extremely,1
BSD,1
0b01001001,1
calc,1
mtl_text,1
IJG's,1
rgbE,1
issue,1
lowest,1
GL_ARB_texture_border_clamp,1
http://netpbm.sourceforge.net/doc/ppm.html,1
.TIFF,1
GL_APPLE_ycbcr_422,1
2.22,1
Multichannel,1
stbi_image,1
Thibault,1
that;,1
GL_KHR_robustness,1
WGL_NV_DX_interop,1
'test',1
WGL_ARB_create_context_no_error,1
Vertex,1
n+1,1
github:snagar,1
GL_AMD_interleaved_elements,1
STBI__X64_TARGET,1
(2011-07-14),1
unfriendly,1
GL_KHR_blend_equation_advanced_coherent,1
v2.25,1
.ppm,1
GL_OML_subsample,1
upfront,1
\not),\,1
============================,1
GL_INTEL_fragment_shader_ordering,1
GL_ARB_texture_env_add,1
message(may,1
v1.10.1,1
MSB,1
streams,1
1.27,1
GL_OES_compressed_paletted_texture,1
(Omar,1
Brad,1
creating,1
thickness,1
horizontally,1
simplified/shrunk,1
so:,1
http://www.fileformat.info/format/material/),1
1.32,1
ensured,1
len+1,1
typical,1
Also,1
GL_ARB_sample_shading,1
(2015-04-15),1
vres,1
exitting,1
positive,1
GL_ARB_half_float_vertex,1
0b00000001,1
0b01010101,1
(2014-06-22),1
0.96,1
Columns,1
slightly,1
rewinding,1
0.91,1
ignore,1
required,1
\"\###"\\,1
\glxext.h,\,1
message(breaking,1
while,1
ALLOWED,1
[8^(,1
reasons,1
defaulting,1
GL_SGI_color_table,1
1.0324,1
problematic,1
\"\tiny_obj_loader.h"\\,1
incorrectly-named,1
\interval,\,1
fields),1
4:,1
\"\7"\\,1
GL_NV_transform_feedback2,1
Some,1
\int64_t,\,1
qualifiers,1
1<<12;,1
GL_AMD_transform_feedback3_lines_triangles,1
stbi__jpeg_reset,1
